<?xml version="1.0" encoding="UTF-8" ?>
<teamtalk version="4.0">
    <general>
        <file-storage>
            <files-root>C:\</files-root>
            <max-diskusage>1024000000</max-diskusage>
            <channel-diskquota>1024000000</channel-diskquota>
        </file-storage>
        <user-rights>
            <channel-creation>true</channel-creation>
            <channel-operators>true</channel-operators>
            <channel-commands>true</channel-commands>
            <modify-subscriptions>true</modify-subscriptions>
            <client-broadcast>false</client-broadcast>
            <view-all-users>true</view-all-users>
            <guest-login>true</guest-login>
            <forward-audio>true</forward-audio>
            <forward-video>true</forward-video>
            <forward-desktop>true</forward-desktop>
            <forward-desktop-input>true</forward-desktop-input>
            <double-login>true</double-login>
            <strict-utf8>true</strict-utf8>
        </user-rights>
        <bandwidth-limits>
            <audiocodec-bps-limit>0</audiocodec-bps-limit>
            <audiotx-limit>0</audiotx-limit>
            <videotx-limit>0</videotx-limit>
            <desktoptx-limit>0</desktoptx-limit>
            <totaltx-limit>0</totaltx-limit>
        </bandwidth-limits>
        <server-name>Skynet server</server-name>
        <motd>Bienvenidos a la red</motd>
        <max-users>100</max-users>
        <auto-save>true</auto-save>
        <bind-ip />
        <tcpport>14225</tcpport>
        <udpport>14225</udpport>
        <certificate-file>ttservercert.pem</certificate-file>
        <privatekey-file>ttserverkey.pem</privatekey-file>
        <server-password></server-password>
        <server-log-maxsize>-1</server-log-maxsize>
        <login-attempts>0</login-attempts>
        <max-logins-per-ipaddr>10000</max-logins-per-ipaddr>
        <user-timeout>60</user-timeout>
    </general>
    <users>
        <user>
            <username>SkynetChat</username>
            <password />
            <user-type>2</user-type>
            <note />
            <userdata>0</userdata>
            <channel />
            <init-channel>/</init-channel>
            <channel-operator />
        </user>
    </users>
    <serverbans />
    <static-channels>
        <channel>
            <!--Channel: /-->
            <password></password>
            <topic></topic>
            <diskquota>1023992832</diskquota>
            <op-password></op-password>
            <max-users>1000</max-users>
            <channel-type>1</channel-type>
            <audio-codec>
                <codec-type>1</codec-type>
                <bandmode>1</bandmode>
                <quality>4</quality>
                <fpp>2</fpp>
                <jitter>false</jitter>
                <sim-stereo>false</sim-stereo>
            </audio-codec>
            <audio-config>
                <enable-agc>false</enable-agc>
                <gain-level>0</gain-level>
                <inc-dbsec-max>0</inc-dbsec-max>
                <dec-dbsec-max>0</dec-dbsec-max>
                <gain-db-max>0</gain-db-max>
                <enable-denoise>false</enable-denoise>
                <denoise-level>0</denoise-level>
            </audio-config>
        </channel>
    </static-channels>
</teamtalk>
